{
  "colors": {
    "--bg-primary": "#0D0E10",
    "--bg-secondary": "#141519",
    "--accent-hmm": "#00F5D4",
    "--accent-meanrev": "#FFB400",
    "--accent-breakout": "#FF3FB3",
    "--text-primary": "#EAEAEA",
    "--text-secondary": "#9A9A9A",
    "--success": "#00E676",
    "--alert": "#FF3B30",
    "--border": "rgba(255,255,255,0.05)"
  },
  "motion": {
    "--shadow-soft": "0 2px 6px rgba(0,0,0,0.4)",
    "--shadow-elevated": "0 8px 20px rgba(0,0,0,0.6)",
    "--glow-active": "0 0 12px var(--accent-strategy)",
    "--motion-fade": "opacity 0\u21921, 200ms",
    "--motion-slide": "translateY(6px), 250ms",
    "--motion-pulse": "scale(1\u21921.05), 400ms"
  },
  "grid": {
    "--space-xs": "8px",
    "--space-sm": "12px",
    "--space-md": "16px",
    "--space-lg": "24px",
    "--border-radius": "12px",
    "--grid-gap": "8px"
  }
}